{
  "cameraState": {
    "position": [
      137.99836622841272,
      39.15575912880661,
      22.006423635714846
    ],
    "rotation": [
      -1.8072048820198157,
      1.04721295542334,
      -3.1121806478741174,
      "XYZ"
    ],
    "zoom": 6.946963312743408,
    "viewportWidth": 1512,
    "viewportHeight": 786
  },
  "canvasData": [
    {
      "type": "text",
      "target": {
        "x": 1056.58984375,
        "y": 477.953125
      },
      "labelPos": {
        "x": 1102.03515625,
        "y": 434.875
      },
      "textId": 7,
      "color": "#ff0000",
      "fontSize": 16
    }
  ],
  "textNotes": [
    {
      "id": 7,
      "text": "седьмая"
    }
  ]
}