{
  "cameraState": {
    "position": [
      62.760814794492454,
      -31.436176504805534,
      -100.09230951239005
    ],
    "rotation": [
      -3.1249827365538447,
      0.37304150102550754,
      2.9091453294259435,
      "XYZ"
    ],
    "zoom": 6.946963312743408,
    "viewportWidth": 1512,
    "viewportHeight": 786
  },
  "canvasData": [
    {
      "type": "text",
      "target": {
        "x": 724.4609375,
        "y": 204.453125
      },
      "labelPos": {
        "x": 842.22265625,
        "y": 209.03515625
      },
      "textId": 8,
      "color": "#ff0000",
      "fontSize": 16
    }
  ],
  "textNotes": [
    {
      "id": 8,
      "text": "восьмая"
    }
  ]
}