{
  "cameraState": {
    "position": [
      35.13602508557322,
      -180.6113524570569,
      53.79374458442004
    ],
    "rotation": [
      1.4742547104963428,
      0.18127534217262242,
      0.23503930424494704,
      "XYZ"
    ],
    "zoom": 6.946963312743408,
    "viewportWidth": 1512,
    "viewportHeight": 786
  },
  "canvasData": [
    {
      "type": "text",
      "target": {
        "x": 737.15234375,
        "y": 136.30078125
      },
      "labelPos": {
        "x": 661.09765625,
        "y": 137.21484375
      },
      "textId": 5,
      "color": "#ff0000",
      "fontSize": 16
    },
    {
      "type": "text",
      "target": {
        "x": 786.58984375,
        "y": 157.28125
      },
      "labelPos": {
        "x": 864.41015625,
        "y": 159.68359375
      },
      "textId": 6,
      "color": "#ff0000",
      "fontSize": 16
    }
  ],
  "textNotes": [
    {
      "id": 5,
      "text": "пятая"
    },
    {
      "id": 6,
      "text": "шестая"
    }
  ]
}